Airport_Code,City,Country,Operational_Status,Timezone_Offset,Operating_Hours,Elevation_Meters,Number_Of_Runways,Primary_Runway_Length,Terminal_Count,Annual_Passengers,Description_Blog
AUH,Abu Dhabi,UAE,Active,UTC+4,24/7,27m,2,4100m,3,"22,000,000","Zayed International Airport is the second largest in the UAE, serving as the base for Etihad Airways. It features stunning modern architecture and acts as a major global transit point."
AAN,Al Ain,UAE,Active,UTC+4,0600-2300,265m,1,4000m,1,"1,000,000","Al Ain International Airport is a regional hub in the UAE. It primarily serves domestic and short-haul international flights, playing a key role in regional connectivity."
ELQ,Al Qassim,Saudi Arabia,Active,UTC+3,0600-2300,648m,1,3000m,1,"1,500,000",Prince Naif bin Abdulaziz International Airport serves the Gassim region. It handles both domestic traffic and critical regional flights to neighboring Gulf states.
GYD,Baku,Azerbaijan,Active,UTC+3,0600-2300,3m,2,4000m,2,"4,700,000","Heydar Aliyev International is the primary gateway to Azerbaijan. Known for its futuristic wooden-cocoon terminal design, it connects the Caucasus to Europe and Asia."
BKK,Bangkok,Thailand,Active,UTC+7,24/7,2m,2,4000m,1,"60,000,000",Suvarnabhumi Airport is one of Southeast Asias biggest aviation hubs. It features massive single-building terminals and is a critical transit point for global flights.
BCN,Barcelona,Spain,Active,UTC+0,24/7,4m,3,3352m,2,"52,000,000",Josep Tarradellas Barcelona-El Prat is Spains second busiest airport. It sits beautifully on the Mediterranean coast and is a major hub for European low-cost carriers.
PEK,Beijing,China,Active,UTC+8,24/7,35m,3,3800m,3,"100,000,000","Beijing Capital International was once the worlds second busiest airport. Its massive Terminal 3, designed like a dragon, handles massive volumes of international and domestic traffic."
BHX,Birmingham,UK,Active,UTC+0,24/7,100m,1,3052m,1,"12,000,000","Birmingham Airport serves the Midlands of the UK. Despite having only one runway, it efficiently handles significant international traffic and regional flights."
CPH,Copenhagen,Denmark,Active,UTC+1,24/7,5m,3,3600m,3,"30,000,000",Copenhagen Airport is the largest in the Nordic countries. It is renowned for its sleek Scandinavian design and efficient operations as a major Star Alliance hub.
DMM,Dammam,Saudi Arabia,Active,UTC+3,0600-2300,22m,2,4000m,1,"10,000,000",King Fahd International Airport is physically the largest airport in the world by land area. It serves the entire Eastern Province of Saudi Arabia.
DAC,Dhaka,Bangladesh,Active,UTC+6,0600-2300,9m,1,3200m,3,"8,000,000",Hazrat Shahjalal International is the primary airport of Bangladesh. It handles nearly all of the countrys international and domestic aviation traffic.
DOH,Doha,Qatar,Active,UTC+3,24/7,11m,2,4850m,1,"45,000,000","Hamad International Airport is a world-class mega-hub. Home to Qatar Airways, it features an indoor tropical garden and handles massive global transit volumes."
DXB,Dubai,UAE,Active,UTC+4,24/7,19m,2,4000m,3,"86,000,000",Dubai International Airport is the worlds busiest airport by international passenger traffic. It is a vital global crossroads connecting the East and the West.
IST,Istanbul,Turkey,Active,UTC+2,24/7,99m,5,4100m,1,"76,000,000","Istanbul Airport is a newly built aviation leviathan. It acts as the ultimate bridge between Europe and Asia, featuring one of the largest single terminal buildings in the world."
JED,Jeddah,Saudi Arabia,Active,UTC+3,24/7,15m,3,3800m,3,"41,000,000",King Abdulaziz International Airport is the gateway to Mecca. It features a dedicated Hajj Terminal specifically designed to handle massive influxes of pilgrims.
KBL,Kabul,Afghanistan,Active,UTC+5,0600-2300,1791m,1,3511m,2,"2,000,000","Kabul International Airport sits at a high altitude surrounded by mountains. It is the primary aerial gateway to Afghanistan, requiring specialized pilot training to navigate."
KUL,Kuala Lumpur,Malaysia,Active,UTC+7,24/7,21m,3,4056m,2,"59,000,000","Kuala Lumpur International Airport is Malaysias main aviation hub. It is famous for its unique ""airport in the forest, forest in the airport"" design philosophy."
KWI,Kuwait City,Kuwait,Active,UTC+3,24/7,55m,2,3400m,4,"15,000,000",Kuwait International Airport is the primary hub for the State of Kuwait. It is undergoing massive expansion to increase its capacity and global reach.
LHR,London,UK,Active,UTC+0,24/7,25m,2,3902m,4,"80,000,000","London Heathrow is one of the most famous and congested airports in the world. Operating at 99% capacity with just two runways, it is a masterclass in ATC efficiency."
BAH,Manama,Bahrain,Active,UTC+3,0600-2300,2m,1,3964m,1,"9,000,000",Bahrain International Airport is a historic aviation hub in the Gulf. It recently opened a state-of-the-art new terminal to boost its regional transit capabilities.
MAN,Manchester,UK,Active,UTC+0,24/7,78m,2,3048m,3,"28,000,000",Manchester Airport is the global gateway for the North of England. It handles massive holiday traffic and long-haul international flights.
MED,Medina,Saudi Arabia,Active,UTC+3,0600-2300,656m,2,4335m,1,"8,000,000",Prince Mohammad Bin Abdulaziz International Airport serves the holy city of Medina. It sees immense traffic during the Hajj and Umrah seasons.
MXP,Milan,Italy,Active,UTC+1,24/7,234m,2,3920m,2,"28,000,000",Milan Malpensa is the largest international airport in northern Italy. It is a major cargo and passenger hub serving the economic heart of the country.
MCT,Muscat,Oman,Active,UTC+4,24/7,15m,1,4000m,1,"16,000,000",Muscat International Airport features a beautiful new terminal reflecting Omani culture. It is rapidly growing as an alternative transit hub in the Middle East.
NJF,Najaf,Iraq,Active,UTC+3,0600-2300,32m,1,3000m,1,"2,500,000",Al Najaf International Airport serves the holy city of Najaf. It is heavily utilized by religious tourists and pilgrims visiting from across the Islamic world.
OSL,Oslo,Norway,Active,UTC+1,24/7,208m,2,3600m,1,"28,000,000","Oslo Airport Gardermoen is the main gateway to Norway. It is highly acclaimed for its stunning timber architecture, snow management, and punctuality."
CDG,Paris,France,Active,UTC+0,24/7,119m,4,4215m,3,"76,000,000","Paris Charles de Gaulle is the largest airport in France. With four massive runways, it is the primary European hub for the SkyTeam alliance."
RUH,Riyadh,Saudi Arabia,Active,UTC+3,24/7,625m,2,4205m,5,"26,000,000","King Khalid International Airport serves the Saudi capital. It is physically massive and features distinct, beautifully engineered triangular terminal buildings."
SHJ,Sharjah,UAE,Active,UTC+4,24/7,33m,1,4060m,1,"13,000,000",Sharjah International Airport is a major hub for low-cost carriers in the UAE. It is known for its efficiency and strong regional connectivity.
TIF,Taif,Saudi Arabia,Active,UTC+3,0600-2300,1478m,2,3735m,1,"1,000,000",Taif Regional Airport sits at a high elevation. It serves the mountainous Taif region and acts as an alternative gateway for pilgrims heading to Mecca.
NRT,Tokyo,Japan,Active,UTC+9,24/7,43m,2,4000m,3,"44,000,000",Narita International Airport is the primary international gateway to Greater Tokyo. It handles the bulk of Japans international passenger and cargo traffic.
YYZ,Toronto,Canada,Active,UTC-5,24/7,173m,5,3389m,2,"50,000,000",Toronto Pearson is the busiest airport in Canada. It operates five runways to handle immense domestic and transatlantic flight volumes.
GIL,Gilgit,Pakistan,Active,UTC+5,0600-2300,1460m,1,1646m,1,"150,000",Gilgit Airport is nestled deep in the Karakoram mountains. Flights require strict Visual Flight Rules (VFR) due to the treacherous and breathtaking mountain approaches.
GWD,Gwadar,Pakistan,Active,UTC+5,0600-2300,29m,1,1524m,1,"100,000",Gwadar International Airport serves the rapidly developing port city. It is currently undergoing massive expansion to support international trade routes.
ISB,Islamabad,Pakistan,Active,UTC+5,0600-2300,508m,2,3600m,1,"5,000,000","Islamabad International Airport is Pakistans newest aviation hub. Designed in the shape of a soaring bird, it is the first airport in the country capable of handling the massive A380."
KHI,Karachi,Pakistan,Active,UTC+5,0600-2300,30m,2,3400m,1,"7,000,000","Jinnah International Airport is the busiest in Pakistan. Situated in the economic heart of the country, it acts as the primary hub for the national flag carrier."
LHE,Lahore,Pakistan,Active,UTC+5,0600-2300,217m,2,3360m,1,"5,000,000","Allama Iqbal International Airport serves the cultural capital of Pakistan. It handles heavy volumes of international diaspora traffic, particularly from the Gulf and UK."
MUX,Multan,Pakistan,Active,UTC+5,0600-2300,122m,1,3200m,1,"1,000,000",Multan International Airport serves the agricultural heartland of South Punjab. It recently received a modern terminal to accommodate growing international Gulf routes.
PEW,Peshawar,Pakistan,Active,UTC+5,0600-2300,353m,1,2743m,1,"1,500,000",Bacha Khan International Airport serves the historic city of Peshawar. It is a critical hub connecting the northern regions of Pakistan to the Middle East.
KDU,Skardu,Pakistan,Active,UTC+5,0600-2300,2230m,1,3657m,1,"100,000","Skardu Airport sits at an extreme altitude of over 7,000 feet. It features one of the longest runways in Pakistan to allow heavy aircraft to take off in the thin mountain air."
